sensor_id,timestamp,temperature,humidity,location,sensor_type
1078,2025-04-10 16:55:12,25.63,62.86,BuildingB_Floor1,TypeB
1064,2025-04-08 05:13:35,25.26,61.4,BuildingB_Floor2,TypeB
1067,2025-04-09 22:34:42,28.42,35.43,BuildingA_Floor1,TypeC
1047,2025-04-09 09:40:09,33.7,40.99,BuildingB_Floor1,TypeC
1076,2025-04-11 16:53:31,23.07,76.29,BuildingB_Floor1,TypeA
1092,2025-04-09 03:41:33,34.98,53.37,BuildingB_Floor1,TypeB
1079,2025-04-07 16:55:11,24.78,36.42,BuildingA_Floor2,TypeA
1068,2025-04-09 18:03:09,19.11,40.24,BuildingB_Floor1,TypeB
1037,2025-04-10 16:08:06,30.79,40.21,BuildingA_Floor1,TypeB
1088,2025-04-09 08:57:08,17.01,31.21,BuildingB_Floor2,TypeB
1062,2025-04-10 06:43:18,20.84,78.02,BuildingA_Floor2,TypeC
1019,2025-04-10 03:49:30,24.7,75.48,BuildingB_Floor1,TypeC
1014,2025-04-09 19:19:35,24.51,35.05,BuildingB_Floor2,TypeB
1024,2025-04-08 00:11:18,28.23,62.79,BuildingB_Floor2,TypeC
1031,2025-04-10 08:56:52,26.08,40.76,BuildingB_Floor2,TypeC
1005,2025-04-09 19:35:48,23.06,34.02,BuildingB_Floor2,TypeA
1083,2025-04-07 02:35:22,25.19,72.53,BuildingA_Floor1,TypeC
1017,2025-04-07 16:21:28,25.23,43.23,BuildingA_Floor1,TypeA
1025,2025-04-08 13:38:23,17.91,45.3,BuildingB_Floor1,TypeB
1005,2025-04-09 09:52:42,24.71,73.37,BuildingB_Floor1,TypeA
1056,2025-04-07 14:13:42,29.62,54.18,BuildingB_Floor2,TypeC
1017,2025-04-11 19:38:52,20.54,49.25,BuildingA_Floor1,TypeC
1065,2025-04-08 19:45:53,16.42,43.72,BuildingA_Floor1,TypeC
1003,2025-04-08 12:12:05,28.14,39.56,BuildingB_Floor2,TypeC
1036,2025-04-08 15:44:54,33.75,37.89,BuildingB_Floor2,TypeA
1033,2025-04-10 00:09:26,25.0,62.69,BuildingA_Floor1,TypeA
1065,2025-04-07 17:48:33,16.33,31.75,BuildingA_Floor1,TypeB
1093,2025-04-09 18:50:48,32.78,53.28,BuildingA_Floor2,TypeB
1042,2025-04-11 16:04:06,17.3,57.78,BuildingB_Floor1,TypeB
1020,2025-04-08 17:15:59,15.28,43.21,BuildingB_Floor1,TypeC
1030,2025-04-08 16:08:26,17.9,36.06,BuildingB_Floor2,TypeC
1084,2025-04-09 02:04:50,15.25,66.54,BuildingB_Floor1,TypeB
1066,2025-04-12 00:33:49,30.56,70.27,BuildingA_Floor2,TypeA
1041,2025-04-08 18:57:12,31.42,73.34,BuildingB_Floor1,TypeA
1018,2025-04-07 22:53:42,22.39,39.05,BuildingA_Floor1,TypeB
1000,2025-04-10 22:53:05,18.08,58.6,BuildingB_Floor2,TypeA
1014,2025-04-07 21:35:16,30.16,32.87,BuildingA_Floor2,TypeC
1000,2025-04-08 06:12:19,17.68,55.74,BuildingA_Floor1,TypeB
1050,2025-04-09 10:38:58,23.44,70.18,BuildingB_Floor2,TypeC
1051,2025-04-09 18:49:14,30.0,56.21,BuildingA_Floor1,TypeA
1026,2025-04-10 09:30:49,32.17,31.24,BuildingB_Floor2,TypeC
1086,2025-04-09 01:23:02,26.33,71.78,BuildingB_Floor2,TypeC
1028,2025-04-08 15:38:58,29.44,73.69,BuildingA_Floor2,TypeA
1100,2025-04-11 18:53:59,29.34,39.2,BuildingB_Floor2,TypeC
1052,2025-04-11 08:28:59,28.19,32.18,BuildingB_Floor1,TypeC
1025,2025-04-07 09:09:18,18.85,38.48,BuildingA_Floor1,TypeC
1028,2025-04-07 23:16:22,18.44,38.02,BuildingA_Floor2,TypeB
1000,2025-04-08 09:37:30,25.42,36.91,BuildingA_Floor1,TypeA
1063,2025-04-11 10:27:32,15.06,71.36,BuildingB_Floor1,TypeB
1004,2025-04-11 10:40:01,20.42,70.07,BuildingA_Floor2,TypeC
1001,2025-04-11 05:08:48,17.01,35.82,BuildingB_Floor2,TypeB
1083,2025-04-09 14:58:49,32.75,78.55,BuildingB_Floor2,TypeA
1058,2025-04-11 06:12:46,18.98,76.91,BuildingB_Floor2,TypeC
1022,2025-04-09 09:29:15,20.85,30.56,BuildingA_Floor2,TypeC
1046,2025-04-11 22:01:43,17.51,52.2,BuildingA_Floor2,TypeB
1060,2025-04-11 11:09:20,17.54,35.89,BuildingA_Floor1,TypeA
1011,2025-04-08 00:28:07,17.53,65.97,BuildingB_Floor1,TypeA
1076,2025-04-09 20:33:44,17.34,56.01,BuildingA_Floor1,TypeB
1063,2025-04-09 12:19:51,26.32,48.59,BuildingB_Floor2,TypeB
1069,2025-04-07 08:55:33,34.63,36.79,BuildingB_Floor1,TypeB
1068,2025-04-07 10:21:27,32.45,50.09,BuildingA_Floor2,TypeB
1039,2025-04-10 23:04:36,19.61,74.89,BuildingA_Floor2,TypeB
1077,2025-04-10 16:04:46,26.0,40.42,BuildingB_Floor1,TypeA
1085,2025-04-09 05:43:57,29.45,57.06,BuildingB_Floor2,TypeC
1036,2025-04-11 09:31:06,33.2,48.1,BuildingB_Floor2,TypeB
1049,2025-04-08 06:37:21,34.83,75.99,BuildingB_Floor1,TypeB
1036,2025-04-07 05:03:36,32.98,73.25,BuildingA_Floor1,TypeB
1023,2025-04-10 19:43:08,26.73,74.69,BuildingB_Floor1,TypeB
1027,2025-04-07 12:59:05,23.16,62.46,BuildingA_Floor1,TypeB
1056,2025-04-09 22:23:06,25.64,61.2,BuildingA_Floor2,TypeB
1099,2025-04-08 05:36:37,15.28,35.74,BuildingB_Floor2,TypeA
1023,2025-04-08 16:52:32,20.66,59.5,BuildingB_Floor2,TypeB
1100,2025-04-07 12:11:28,16.91,41.58,BuildingB_Floor2,TypeB
1088,2025-04-09 18:21:59,24.9,60.42,BuildingB_Floor2,TypeB
1063,2025-04-10 08:40:59,25.86,73.69,BuildingB_Floor2,TypeB
1049,2025-04-11 01:06:18,21.6,39.42,BuildingA_Floor2,TypeB
1079,2025-04-07 23:08:46,17.05,47.18,BuildingA_Floor2,TypeA
1099,2025-04-07 21:22:29,21.65,74.9,BuildingA_Floor2,TypeA
1007,2025-04-07 02:04:37,17.07,37.12,BuildingB_Floor1,TypeC
1041,2025-04-09 04:53:15,26.2,70.14,BuildingB_Floor1,TypeA
1002,2025-04-09 04:36:27,16.64,58.86,BuildingA_Floor2,TypeC
1049,2025-04-09 04:41:46,22.84,78.34,BuildingB_Floor1,TypeA
1012,2025-04-07 22:46:42,23.64,57.07,BuildingB_Floor2,TypeB
1032,2025-04-10 22:08:34,17.32,72.08,BuildingA_Floor2,TypeB
1010,2025-04-09 16:50:54,33.36,53.24,BuildingB_Floor1,TypeA
1026,2025-04-07 15:40:48,32.42,76.75,BuildingA_Floor1,TypeA
1025,2025-04-10 16:52:32,16.73,46.5,BuildingA_Floor1,TypeC
1013,2025-04-11 07:51:58,26.47,78.84,BuildingA_Floor2,TypeA
1068,2025-04-07 20:48:33,21.61,65.53,BuildingA_Floor1,TypeC
1075,2025-04-11 14:59:23,34.61,70.24,BuildingA_Floor1,TypeC
1010,2025-04-08 19:43:27,24.76,63.41,BuildingB_Floor1,TypeC
1067,2025-04-10 20:43:04,23.96,65.78,BuildingA_Floor1,TypeA
1065,2025-04-07 15:55:14,30.96,31.56,BuildingB_Floor2,TypeB
1067,2025-04-08 20:51:33,32.03,34.8,BuildingA_Floor1,TypeB
1042,2025-04-09 05:11:05,24.86,74.81,BuildingB_Floor1,TypeB
1064,2025-04-07 09:13:41,17.8,62.82,BuildingB_Floor1,TypeA
1025,2025-04-09 06:40:11,27.43,76.22,BuildingB_Floor1,TypeB
1084,2025-04-08 06:50:24,18.14,45.2,BuildingB_Floor2,TypeB
1044,2025-04-11 18:28:46,33.54,35.78,BuildingA_Floor1,TypeB
1087,2025-04-11 00:37:14,25.99,68.57,BuildingA_Floor2,TypeC
1017,2025-04-09 03:46:12,26.31,60.43,BuildingB_Floor1,TypeA
1005,2025-04-11 16:13:55,16.01,56.18,BuildingA_Floor2,TypeA
1019,2025-04-09 08:06:29,16.18,61.76,BuildingB_Floor1,TypeA
1093,2025-04-10 17:03:00,18.68,71.32,BuildingB_Floor1,TypeA
1086,2025-04-08 07:48:09,18.35,66.77,BuildingB_Floor1,TypeC
1088,2025-04-07 10:13:10,28.31,37.72,BuildingB_Floor2,TypeC
1022,2025-04-07 02:01:45,25.13,70.01,BuildingB_Floor2,TypeC
1007,2025-04-11 20:43:02,15.09,74.54,BuildingA_Floor2,TypeC
1091,2025-04-11 04:08:13,18.32,59.73,BuildingB_Floor1,TypeA
1039,2025-04-08 00:41:10,28.34,63.06,BuildingA_Floor2,TypeC
1011,2025-04-10 01:31:51,26.74,52.69,BuildingA_Floor1,TypeC
1093,2025-04-10 11:33:31,27.31,67.79,BuildingB_Floor1,TypeC
1016,2025-04-08 17:13:17,28.19,71.11,BuildingB_Floor2,TypeB
1018,2025-04-10 21:29:45,27.42,44.56,BuildingA_Floor1,TypeC
1062,2025-04-10 22:04:52,22.14,32.97,BuildingB_Floor1,TypeC
1091,2025-04-08 17:54:32,33.46,44.04,BuildingB_Floor1,TypeA
1092,2025-04-10 07:30:14,15.38,47.91,BuildingB_Floor1,TypeC
1058,2025-04-09 08:22:49,17.21,59.48,BuildingA_Floor2,TypeB
1073,2025-04-12 01:11:25,34.25,45.68,BuildingA_Floor2,TypeC
1002,2025-04-11 13:15:28,19.32,41.8,BuildingA_Floor2,TypeB
1000,2025-04-09 10:16:35,27.83,52.11,BuildingB_Floor2,TypeB
1096,2025-04-11 19:02:13,24.87,71.35,BuildingB_Floor2,TypeC
1058,2025-04-08 21:26:01,16.35,64.07,BuildingB_Floor1,TypeA
1077,2025-04-09 09:30:13,17.51,74.34,BuildingB_Floor2,TypeC
1022,2025-04-07 12:31:25,15.08,74.35,BuildingA_Floor1,TypeC
1098,2025-04-11 21:16:56,27.19,31.39,BuildingB_Floor2,TypeA
1092,2025-04-11 04:37:45,16.27,55.35,BuildingB_Floor1,TypeB
1066,2025-04-11 13:39:25,24.86,71.9,BuildingA_Floor2,TypeA
1034,2025-04-11 18:40:47,18.57,51.44,BuildingB_Floor2,TypeB
1008,2025-04-10 04:51:12,34.27,71.31,BuildingB_Floor1,TypeB
1017,2025-04-11 06:42:13,17.56,69.47,BuildingB_Floor1,TypeC
1019,2025-04-10 17:14:07,21.32,31.83,BuildingB_Floor1,TypeA
1019,2025-04-11 06:48:34,23.35,39.74,BuildingA_Floor2,TypeC
1064,2025-04-11 12:21:46,31.14,66.33,BuildingA_Floor2,TypeA
1031,2025-04-11 17:52:06,24.24,33.19,BuildingB_Floor2,TypeA
1054,2025-04-09 05:53:55,23.8,62.86,BuildingB_Floor2,TypeC
1092,2025-04-09 16:26:13,31.51,51.55,BuildingB_Floor1,TypeC
1008,2025-04-08 06:04:10,26.62,30.82,BuildingB_Floor2,TypeC
1043,2025-04-11 05:30:28,18.57,71.52,BuildingA_Floor1,TypeA
1005,2025-04-10 09:27:01,15.2,66.42,BuildingA_Floor1,TypeA
1046,2025-04-11 08:45:08,33.3,37.95,BuildingB_Floor2,TypeA
1039,2025-04-07 15:09:36,15.12,54.41,BuildingA_Floor1,TypeA
1088,2025-04-11 13:53:24,33.41,47.87,BuildingA_Floor1,TypeB
1095,2025-04-10 08:26:53,22.52,42.22,BuildingB_Floor1,TypeC
1048,2025-04-11 16:56:56,32.59,62.54,BuildingA_Floor1,TypeB
1090,2025-04-10 21:05:06,21.9,62.21,BuildingB_Floor1,TypeB
1014,2025-04-10 23:43:04,27.18,31.27,BuildingA_Floor2,TypeB
1054,2025-04-08 08:43:09,34.43,34.76,BuildingA_Floor2,TypeA
1043,2025-04-11 14:09:05,23.11,40.81,BuildingB_Floor1,TypeC
1043,2025-04-07 10:34:13,17.41,33.15,BuildingB_Floor2,TypeC
1033,2025-04-10 15:33:12,31.75,35.91,BuildingA_Floor2,TypeA
1009,2025-04-10 23:40:49,31.92,44.1,BuildingA_Floor2,TypeA
1078,2025-04-08 23:37:18,34.57,64.98,BuildingB_Floor1,TypeC
1051,2025-04-07 17:48:09,29.3,52.38,BuildingA_Floor2,TypeA
1087,2025-04-07 08:26:10,26.62,49.24,BuildingA_Floor1,TypeA
1095,2025-04-11 18:52:02,24.31,66.95,BuildingA_Floor2,TypeC
1086,2025-04-08 10:53:11,29.55,59.26,BuildingB_Floor1,TypeB
1023,2025-04-10 23:16:18,22.44,35.63,BuildingA_Floor1,TypeB
1082,2025-04-07 19:38:53,15.94,72.77,BuildingA_Floor2,TypeC
1086,2025-04-09 04:04:01,29.41,49.44,BuildingB_Floor1,TypeC
1062,2025-04-08 22:27:18,27.93,58.67,BuildingB_Floor2,TypeA
1064,2025-04-10 06:18:33,15.83,60.35,BuildingB_Floor1,TypeA
1013,2025-04-07 22:55:13,18.67,71.79,BuildingA_Floor1,TypeB
1061,2025-04-10 18:10:03,20.08,66.43,BuildingA_Floor2,TypeC
1075,2025-04-11 06:08:17,23.85,44.3,BuildingA_Floor2,TypeA
1053,2025-04-10 07:32:48,29.8,64.78,BuildingA_Floor1,TypeA
1092,2025-04-08 12:38:08,17.51,51.94,BuildingA_Floor2,TypeB
1069,2025-04-11 08:20:23,30.88,75.35,BuildingA_Floor2,TypeC
1033,2025-04-07 21:55:57,15.77,79.78,BuildingA_Floor1,TypeA
1063,2025-04-11 14:10:14,18.18,78.5,BuildingA_Floor2,TypeC
1063,2025-04-11 18:12:14,28.52,61.04,BuildingA_Floor2,TypeC
1014,2025-04-07 18:06:31,33.22,55.38,BuildingB_Floor1,TypeC
1083,2025-04-07 13:14:10,22.27,56.87,BuildingA_Floor2,TypeA
1093,2025-04-08 00:34:05,15.88,64.35,BuildingB_Floor1,TypeC
1055,2025-04-07 10:03:02,22.56,67.57,BuildingB_Floor2,TypeB
1022,2025-04-10 03:24:35,30.8,62.84,BuildingB_Floor2,TypeC
1099,2025-04-08 18:28:01,15.57,58.77,BuildingA_Floor2,TypeA
1054,2025-04-11 12:03:21,22.67,39.54,BuildingB_Floor1,TypeC
1100,2025-04-10 23:51:23,29.2,58.95,BuildingA_Floor2,TypeA
1098,2025-04-11 22:46:10,25.32,52.31,BuildingA_Floor1,TypeC
1029,2025-04-11 07:10:59,26.06,52.93,BuildingB_Floor2,TypeB
1034,2025-04-08 06:14:27,32.45,30.71,BuildingA_Floor2,TypeC
1062,2025-04-11 17:59:37,17.24,60.23,BuildingB_Floor1,TypeC
1067,2025-04-09 03:38:17,33.26,52.89,BuildingB_Floor1,TypeA
1085,2025-04-11 12:55:10,33.4,62.29,BuildingB_Floor2,TypeA
1089,2025-04-07 18:52:11,19.11,53.56,BuildingB_Floor2,TypeB
1038,2025-04-08 09:43:10,18.05,77.47,BuildingB_Floor1,TypeA
1053,2025-04-10 17:33:32,34.4,31.54,BuildingB_Floor2,TypeC
1098,2025-04-09 11:40:46,16.33,53.92,BuildingB_Floor1,TypeA
1045,2025-04-12 00:38:18,33.6,32.98,BuildingA_Floor2,TypeA
1050,2025-04-12 01:45:40,28.13,48.35,BuildingA_Floor1,TypeC
1093,2025-04-07 05:16:02,31.22,30.88,BuildingA_Floor2,TypeC
1082,2025-04-12 00:06:39,20.86,54.56,BuildingA_Floor2,TypeA
1016,2025-04-10 22:23:48,28.63,60.79,BuildingA_Floor1,TypeB
1004,2025-04-09 23:03:02,23.16,73.95,BuildingB_Floor1,TypeA
1030,2025-04-11 05:22:58,33.42,51.04,BuildingA_Floor2,TypeC
1000,2025-04-10 00:18:03,16.79,65.35,BuildingB_Floor2,TypeA
1021,2025-04-07 11:10:45,33.92,58.04,BuildingB_Floor1,TypeA
1038,2025-04-11 07:37:05,23.81,51.03,BuildingB_Floor2,TypeC
1031,2025-04-09 15:03:57,32.25,53.78,BuildingA_Floor1,TypeC
1098,2025-04-10 06:13:31,17.09,39.02,BuildingB_Floor2,TypeA
1032,2025-04-07 20:59:14,20.11,48.6,BuildingB_Floor2,TypeB
1035,2025-04-09 12:52:41,23.5,73.26,BuildingB_Floor2,TypeC
1017,2025-04-09 19:05:50,16.06,35.67,BuildingB_Floor1,TypeA
1067,2025-04-08 11:50:51,30.21,61.97,BuildingB_Floor2,TypeB
1070,2025-04-09 10:46:04,34.37,44.98,BuildingA_Floor2,TypeA
1020,2025-04-08 03:31:03,31.08,58.26,BuildingB_Floor2,TypeA
1010,2025-04-07 08:57:25,29.58,66.82,BuildingA_Floor1,TypeB
1095,2025-04-09 06:10:45,32.84,36.61,BuildingB_Floor1,TypeC
1019,2025-04-09 03:34:08,30.05,47.41,BuildingA_Floor2,TypeA
1089,2025-04-09 21:56:20,28.5,52.84,BuildingB_Floor1,TypeA
1047,2025-04-10 16:15:03,19.73,32.38,BuildingB_Floor2,TypeB
1040,2025-04-11 17:26:15,19.13,75.23,BuildingA_Floor1,TypeB
1016,2025-04-07 04:26:46,32.15,70.89,BuildingB_Floor1,TypeC
1048,2025-04-10 09:51:26,28.84,75.73,BuildingB_Floor2,TypeA
1090,2025-04-07 22:19:33,25.51,58.38,BuildingA_Floor2,TypeC
1077,2025-04-11 11:49:58,17.95,65.57,BuildingA_Floor2,TypeA
1045,2025-04-09 20:37:49,32.49,42.29,BuildingA_Floor2,TypeB
1033,2025-04-10 00:40:46,28.94,41.83,BuildingB_Floor1,TypeA
1026,2025-04-10 14:41:51,30.08,73.99,BuildingA_Floor2,TypeB
1090,2025-04-08 23:17:57,30.59,38.71,BuildingA_Floor1,TypeA
1073,2025-04-09 05:16:51,24.68,69.42,BuildingB_Floor1,TypeA
1029,2025-04-08 23:58:25,31.67,34.26,BuildingB_Floor1,TypeB
1054,2025-04-08 16:05:05,22.91,42.99,BuildingB_Floor1,TypeC
1082,2025-04-09 15:07:32,28.95,69.94,BuildingB_Floor2,TypeB
1010,2025-04-09 15:58:05,20.43,52.74,BuildingA_Floor1,TypeC
1084,2025-04-09 22:36:23,25.21,31.79,BuildingA_Floor2,TypeC
1075,2025-04-08 04:22:03,22.39,37.4,BuildingA_Floor1,TypeA
1055,2025-04-08 12:18:14,21.5,58.9,BuildingB_Floor2,TypeA
1090,2025-04-09 11:08:19,19.56,59.5,BuildingB_Floor2,TypeA
1003,2025-04-07 05:40:35,34.75,68.22,BuildingB_Floor2,TypeA
1008,2025-04-09 23:35:25,20.99,36.0,BuildingA_Floor2,TypeA
1082,2025-04-10 11:10:03,15.78,37.53,BuildingA_Floor2,TypeA
1074,2025-04-09 14:29:55,23.86,33.43,BuildingA_Floor2,TypeB
1057,2025-04-08 11:01:25,22.26,64.38,BuildingA_Floor1,TypeA
1019,2025-04-07 02:37:04,33.32,77.44,BuildingA_Floor2,TypeB
1035,2025-04-11 19:28:24,34.93,38.03,BuildingA_Floor1,TypeA
1100,2025-04-08 08:45:31,34.09,57.76,BuildingB_Floor1,TypeB
1090,2025-04-10 15:36:53,18.06,68.23,BuildingB_Floor2,TypeA
1036,2025-04-09 07:22:08,24.75,57.24,BuildingB_Floor2,TypeC
1020,2025-04-08 16:03:08,33.7,75.84,BuildingB_Floor1,TypeA
1044,2025-04-11 00:32:56,21.79,39.61,BuildingB_Floor2,TypeC
1090,2025-04-10 00:28:20,27.3,55.9,BuildingA_Floor1,TypeB
1098,2025-04-08 12:40:56,31.29,36.34,BuildingA_Floor2,TypeB
1042,2025-04-08 17:44:05,21.98,75.57,BuildingB_Floor2,TypeA
1071,2025-04-09 21:04:11,23.01,79.88,BuildingA_Floor1,TypeC
1034,2025-04-08 12:45:38,31.36,73.78,BuildingA_Floor1,TypeA
1045,2025-04-10 21:11:33,15.18,37.75,BuildingB_Floor1,TypeB
1042,2025-04-09 05:29:47,30.26,48.42,BuildingA_Floor1,TypeB
1062,2025-04-10 06:06:40,32.24,35.13,BuildingA_Floor1,TypeB
1012,2025-04-09 23:41:52,34.9,46.3,BuildingB_Floor1,TypeC
1022,2025-04-09 21:39:12,32.45,58.05,BuildingB_Floor1,TypeA
1070,2025-04-07 11:11:56,29.59,65.16,BuildingA_Floor2,TypeA
1095,2025-04-09 21:31:10,32.18,30.22,BuildingB_Floor1,TypeA
1007,2025-04-09 23:12:55,28.37,46.56,BuildingA_Floor1,TypeA
1084,2025-04-08 12:03:47,30.76,56.08,BuildingB_Floor2,TypeC
1068,2025-04-07 22:05:31,32.45,79.68,BuildingB_Floor2,TypeA
1066,2025-04-11 00:05:38,15.19,73.45,BuildingA_Floor2,TypeB
1028,2025-04-10 03:25:13,24.12,56.25,BuildingA_Floor1,TypeC
1078,2025-04-11 12:43:32,22.2,63.18,BuildingB_Floor2,TypeC
1088,2025-04-12 00:58:44,19.85,69.45,BuildingA_Floor2,TypeC
1037,2025-04-09 15:48:01,29.29,41.75,BuildingB_Floor1,TypeB
1069,2025-04-09 09:20:45,29.7,36.38,BuildingB_Floor1,TypeA
1077,2025-04-09 01:06:38,29.67,33.45,BuildingB_Floor1,TypeB
1032,2025-04-08 01:25:03,17.16,46.38,BuildingB_Floor2,TypeA
1094,2025-04-07 23:53:29,30.24,31.24,BuildingA_Floor1,TypeB
1072,2025-04-10 23:57:24,30.37,32.27,BuildingA_Floor2,TypeB
1007,2025-04-11 07:49:51,24.96,70.55,BuildingA_Floor1,TypeB
1085,2025-04-07 22:01:24,22.0,37.79,BuildingB_Floor2,TypeC
1012,2025-04-11 11:16:11,20.32,69.99,BuildingA_Floor1,TypeC
1064,2025-04-09 11:18:34,21.61,55.57,BuildingB_Floor1,TypeA
1046,2025-04-11 07:49:14,25.91,50.5,BuildingA_Floor1,TypeC
1061,2025-04-09 11:10:54,31.65,77.08,BuildingA_Floor1,TypeC
1074,2025-04-10 07:49:24,28.24,33.48,BuildingA_Floor1,TypeC
1033,2025-04-08 09:50:33,18.14,72.05,BuildingA_Floor2,TypeC
1028,2025-04-08 01:11:08,23.16,69.18,BuildingA_Floor1,TypeA
1020,2025-04-10 09:16:18,22.64,56.38,BuildingA_Floor1,TypeC
1045,2025-04-07 05:34:27,32.82,49.14,BuildingA_Floor2,TypeB
1068,2025-04-09 20:21:44,20.85,53.47,BuildingB_Floor1,TypeB
1072,2025-04-07 11:51:32,34.0,39.63,BuildingA_Floor2,TypeB
1073,2025-04-11 21:24:46,15.52,44.03,BuildingB_Floor2,TypeA
1091,2025-04-09 07:58:08,29.31,48.91,BuildingA_Floor2,TypeA
1051,2025-04-07 10:36:30,21.64,52.84,BuildingB_Floor1,TypeC
1008,2025-04-09 02:46:36,24.46,36.44,BuildingB_Floor1,TypeC
1021,2025-04-11 03:35:01,20.66,46.82,BuildingB_Floor2,TypeA
1092,2025-04-08 13:11:19,24.58,72.54,BuildingB_Floor2,TypeB
1035,2025-04-09 08:38:21,25.89,68.15,BuildingB_Floor1,TypeB
1078,2025-04-09 05:36:04,27.47,72.74,BuildingB_Floor1,TypeC
1027,2025-04-10 15:18:17,20.13,60.3,BuildingA_Floor2,TypeA
1009,2025-04-09 14:42:08,22.06,33.16,BuildingB_Floor2,TypeB
1004,2025-04-12 01:21:52,31.96,32.68,BuildingB_Floor2,TypeC
1092,2025-04-07 12:25:33,21.01,47.31,BuildingB_Floor1,TypeB
1031,2025-04-11 01:23:59,16.17,32.25,BuildingB_Floor1,TypeA
1076,2025-04-08 23:28:29,25.75,33.19,BuildingB_Floor1,TypeB
1094,2025-04-10 06:19:54,20.05,59.34,BuildingA_Floor1,TypeC
1092,2025-04-08 18:54:30,23.5,44.21,BuildingB_Floor2,TypeB
1034,2025-04-09 02:21:23,21.68,74.9,BuildingB_Floor1,TypeC
1046,2025-04-11 11:53:00,32.4,65.29,BuildingA_Floor1,TypeA
1025,2025-04-08 23:12:46,30.09,79.56,BuildingA_Floor1,TypeA
1050,2025-04-09 21:20:37,33.42,51.54,BuildingB_Floor1,TypeB
1043,2025-04-07 04:16:16,34.48,50.88,BuildingB_Floor2,TypeC
1019,2025-04-11 14:32:18,27.27,42.92,BuildingB_Floor2,TypeB
1014,2025-04-07 10:55:00,27.55,45.27,BuildingA_Floor2,TypeB
1016,2025-04-07 06:03:47,22.4,50.54,BuildingA_Floor2,TypeA
1096,2025-04-09 17:22:30,21.15,78.64,BuildingA_Floor2,TypeA
1027,2025-04-08 19:36:53,22.95,63.69,BuildingA_Floor2,TypeC
1024,2025-04-07 12:33:16,18.36,79.51,BuildingA_Floor1,TypeB
1035,2025-04-09 21:32:11,24.46,72.94,BuildingB_Floor2,TypeC
1025,2025-04-11 22:44:48,16.59,46.74,BuildingA_Floor2,TypeA
1083,2025-04-09 04:14:59,16.35,37.48,BuildingB_Floor1,TypeB
1057,2025-04-08 12:51:32,29.81,51.54,BuildingB_Floor1,TypeA
1049,2025-04-08 07:20:03,23.66,44.96,BuildingB_Floor2,TypeC
1026,2025-04-11 22:13:57,26.97,73.99,BuildingB_Floor2,TypeC
1086,2025-04-09 19:21:29,24.68,50.14,BuildingB_Floor1,TypeA
1019,2025-04-09 21:46:23,30.19,35.74,BuildingB_Floor1,TypeC
1067,2025-04-07 12:16:02,21.26,73.62,BuildingA_Floor2,TypeC
1068,2025-04-07 20:31:40,29.11,54.58,BuildingB_Floor2,TypeA
1051,2025-04-10 07:26:55,31.93,76.31,BuildingA_Floor1,TypeA
1027,2025-04-11 18:36:51,29.72,52.56,BuildingA_Floor2,TypeB
1030,2025-04-07 15:58:25,27.87,59.27,BuildingA_Floor1,TypeA
1004,2025-04-11 14:34:57,30.36,62.42,BuildingA_Floor2,TypeC
1015,2025-04-11 10:26:48,16.85,47.87,BuildingA_Floor1,TypeB
1039,2025-04-10 16:37:12,31.75,73.2,BuildingB_Floor2,TypeC
1062,2025-04-10 03:02:12,21.16,76.84,BuildingA_Floor2,TypeB
1012,2025-04-10 06:16:00,23.69,49.26,BuildingA_Floor2,TypeB
1029,2025-04-08 11:59:05,23.64,46.48,BuildingA_Floor1,TypeA
1045,2025-04-10 05:07:16,27.3,38.45,BuildingA_Floor1,TypeA
1051,2025-04-08 05:24:46,25.18,69.45,BuildingA_Floor2,TypeA
1076,2025-04-07 12:42:13,16.02,42.76,BuildingA_Floor2,TypeA
1097,2025-04-11 07:20:15,19.64,74.68,BuildingA_Floor2,TypeC
1002,2025-04-11 02:36:28,27.3,55.47,BuildingA_Floor2,TypeC
1050,2025-04-10 03:05:24,33.69,66.6,BuildingA_Floor1,TypeA
1023,2025-04-07 16:53:18,15.69,35.81,BuildingA_Floor1,TypeB
1009,2025-04-11 08:01:38,17.23,67.78,BuildingB_Floor2,TypeC
1014,2025-04-07 16:48:46,26.16,72.43,BuildingA_Floor2,TypeA
1079,2025-04-10 10:25:26,33.27,35.3,BuildingB_Floor2,TypeC
1100,2025-04-11 12:41:22,22.82,36.81,BuildingB_Floor2,TypeA
1017,2025-04-07 05:57:24,22.09,32.32,BuildingA_Floor2,TypeA
1071,2025-04-10 19:50:16,16.16,70.11,BuildingA_Floor2,TypeC
1012,2025-04-09 22:12:51,17.0,43.17,BuildingA_Floor1,TypeA
1060,2025-04-11 04:31:53,28.87,46.63,BuildingB_Floor1,TypeA
1012,2025-04-08 20:34:13,24.11,68.1,BuildingB_Floor1,TypeB
1016,2025-04-07 07:36:26,31.9,69.72,BuildingB_Floor2,TypeA
1058,2025-04-09 09:10:40,28.01,76.27,BuildingA_Floor1,TypeB
1043,2025-04-07 14:03:06,32.92,38.94,BuildingB_Floor2,TypeC
1008,2025-04-12 00:20:00,25.14,62.25,BuildingA_Floor2,TypeC
1031,2025-04-12 01:15:25,32.02,52.2,BuildingB_Floor2,TypeC
1046,2025-04-07 11:02:25,16.89,56.55,BuildingB_Floor1,TypeA
1093,2025-04-08 22:33:05,29.97,57.63,BuildingB_Floor2,TypeA
1098,2025-04-08 05:40:54,22.1,31.94,BuildingB_Floor2,TypeC
1072,2025-04-10 06:47:25,15.49,36.34,BuildingA_Floor2,TypeC
1000,2025-04-11 22:01:04,31.26,52.98,BuildingB_Floor2,TypeB
1018,2025-04-08 08:16:16,29.26,76.41,BuildingB_Floor1,TypeA
1088,2025-04-11 01:14:56,31.51,51.54,BuildingA_Floor2,TypeC
1070,2025-04-07 02:45:03,32.25,36.82,BuildingB_Floor2,TypeA
1063,2025-04-09 09:16:14,21.0,75.48,BuildingB_Floor1,TypeA
1078,2025-04-10 09:29:03,32.0,57.18,BuildingA_Floor1,TypeA
1057,2025-04-07 02:17:42,26.18,64.01,BuildingA_Floor2,TypeB
1047,2025-04-07 12:15:28,20.9,56.9,BuildingA_Floor1,TypeB
1005,2025-04-10 16:22:09,16.12,50.98,BuildingB_Floor1,TypeC
1000,2025-04-07 19:29:50,17.24,36.27,BuildingA_Floor1,TypeA
1062,2025-04-09 07:37:02,23.66,33.38,BuildingA_Floor2,TypeB
1072,2025-04-07 21:05:39,24.2,53.1,BuildingB_Floor2,TypeB
1029,2025-04-10 21:11:35,22.28,77.42,BuildingB_Floor1,TypeC
1079,2025-04-10 02:49:57,31.0,78.1,BuildingB_Floor1,TypeC
1065,2025-04-11 17:13:29,24.88,30.81,BuildingB_Floor2,TypeC
1023,2025-04-09 20:27:55,26.86,73.74,BuildingA_Floor1,TypeB
1030,2025-04-12 00:05:10,29.17,44.13,BuildingA_Floor2,TypeA
1072,2025-04-11 15:43:47,32.66,60.2,BuildingB_Floor2,TypeC
1022,2025-04-08 10:42:19,15.97,38.06,BuildingA_Floor2,TypeA
1033,2025-04-10 05:10:26,23.97,50.94,BuildingA_Floor1,TypeB
1083,2025-04-07 03:12:03,21.19,55.25,BuildingA_Floor1,TypeC
1009,2025-04-07 19:43:22,21.17,30.89,BuildingA_Floor1,TypeA
1000,2025-04-11 10:19:15,32.23,40.67,BuildingB_Floor1,TypeB
1027,2025-04-09 08:02:01,30.08,66.63,BuildingB_Floor1,TypeC
1007,2025-04-07 11:07:14,16.71,45.18,BuildingB_Floor2,TypeC
1062,2025-04-09 10:23:59,27.52,37.49,BuildingA_Floor2,TypeB
1033,2025-04-07 12:35:55,27.39,30.28,BuildingB_Floor1,TypeC
1035,2025-04-08 10:18:35,29.79,61.63,BuildingA_Floor2,TypeC
1024,2025-04-07 05:37:02,33.31,76.57,BuildingA_Floor1,TypeB
1004,2025-04-08 10:17:17,26.74,41.96,BuildingB_Floor1,TypeA
1050,2025-04-08 01:06:03,30.23,39.02,BuildingA_Floor1,TypeB
1053,2025-04-07 18:14:25,27.0,62.27,BuildingA_Floor2,TypeC
1056,2025-04-07 03:57:09,26.13,35.98,BuildingA_Floor2,TypeB
1023,2025-04-11 01:18:44,16.47,40.2,BuildingB_Floor2,TypeA
1017,2025-04-10 03:35:31,15.02,46.76,BuildingB_Floor2,TypeA
1018,2025-04-07 22:40:16,19.99,74.36,BuildingB_Floor2,TypeA
1065,2025-04-09 07:18:21,15.62,60.08,BuildingA_Floor1,TypeB
1002,2025-04-08 14:27:36,31.79,77.15,BuildingB_Floor1,TypeB
1094,2025-04-11 07:48:14,27.26,77.42,BuildingB_Floor2,TypeA
1056,2025-04-07 08:03:01,15.85,75.87,BuildingA_Floor2,TypeC
1016,2025-04-08 01:42:06,31.69,34.6,BuildingB_Floor1,TypeB
1028,2025-04-10 19:47:41,31.83,58.97,BuildingB_Floor2,TypeA
1001,2025-04-08 23:19:12,23.32,30.82,BuildingB_Floor2,TypeB
1095,2025-04-10 03:23:20,27.01,33.95,BuildingA_Floor2,TypeB
1024,2025-04-09 17:54:10,15.81,63.86,BuildingB_Floor2,TypeA
1017,2025-04-07 07:58:36,28.61,69.81,BuildingB_Floor2,TypeC
1076,2025-04-09 11:25:50,15.28,47.13,BuildingA_Floor2,TypeA
1010,2025-04-11 03:23:35,31.76,58.43,BuildingB_Floor1,TypeC
1076,2025-04-09 22:57:39,22.26,41.74,BuildingA_Floor1,TypeC
1095,2025-04-09 13:23:04,18.61,38.59,BuildingA_Floor2,TypeA
1096,2025-04-09 23:38:49,21.05,70.52,BuildingB_Floor1,TypeA
1087,2025-04-07 02:19:04,18.95,38.45,BuildingA_Floor2,TypeA
1072,2025-04-07 19:14:50,17.86,49.12,BuildingA_Floor2,TypeC
1066,2025-04-11 12:15:28,19.81,71.88,BuildingB_Floor2,TypeC
1030,2025-04-08 10:50:11,34.38,73.86,BuildingB_Floor1,TypeC
1057,2025-04-10 18:07:05,34.1,56.44,BuildingA_Floor1,TypeB
1064,2025-04-11 15:31:49,22.98,38.58,BuildingA_Floor2,TypeC
1055,2025-04-09 17:06:08,20.81,35.68,BuildingB_Floor1,TypeC
1076,2025-04-08 20:21:32,25.22,75.79,BuildingB_Floor1,TypeB
1077,2025-04-09 11:59:50,28.67,65.97,BuildingB_Floor1,TypeB
1076,2025-04-07 07:59:00,33.87,67.18,BuildingB_Floor1,TypeA
1068,2025-04-07 08:33:36,24.31,40.97,BuildingA_Floor1,TypeB
1040,2025-04-10 05:20:13,22.17,50.46,BuildingA_Floor2,TypeB
1029,2025-04-07 22:30:15,15.55,52.22,BuildingA_Floor1,TypeA
1014,2025-04-07 12:47:04,24.53,39.7,BuildingA_Floor2,TypeA
1095,2025-04-08 06:47:09,15.9,71.75,BuildingA_Floor1,TypeC
1091,2025-04-07 03:57:00,20.97,71.03,BuildingA_Floor2,TypeC
1030,2025-04-11 01:24:37,25.95,74.01,BuildingA_Floor1,TypeA
1064,2025-04-11 13:50:35,24.35,30.19,BuildingB_Floor2,TypeB
1090,2025-04-07 22:09:41,26.07,32.9,BuildingA_Floor2,TypeA
1040,2025-04-08 20:41:00,16.7,31.6,BuildingA_Floor2,TypeC
1019,2025-04-08 21:04:35,22.69,53.27,BuildingA_Floor2,TypeC
1050,2025-04-09 18:25:12,25.62,79.49,BuildingA_Floor1,TypeB
1002,2025-04-09 09:33:24,20.65,77.18,BuildingB_Floor1,TypeA
1084,2025-04-09 10:43:22,27.42,40.65,BuildingA_Floor1,TypeA
1100,2025-04-10 15:21:40,19.33,37.12,BuildingB_Floor2,TypeA
1072,2025-04-11 17:02:25,29.78,47.4,BuildingB_Floor1,TypeA
1040,2025-04-08 02:46:52,31.52,36.41,BuildingB_Floor1,TypeA
1091,2025-04-11 08:49:08,15.63,56.41,BuildingB_Floor2,TypeA
1075,2025-04-07 11:06:11,17.54,58.94,BuildingA_Floor2,TypeA
1094,2025-04-10 05:26:06,23.11,51.39,BuildingA_Floor1,TypeA
1039,2025-04-10 17:18:27,16.07,35.05,BuildingA_Floor1,TypeB
1001,2025-04-09 00:03:31,22.12,73.36,BuildingB_Floor1,TypeA
1049,2025-04-10 15:39:13,33.21,34.58,BuildingB_Floor2,TypeA
1029,2025-04-09 03:14:13,23.99,53.45,BuildingB_Floor2,TypeB
1077,2025-04-08 04:47:08,34.72,54.23,BuildingA_Floor1,TypeB
1038,2025-04-11 06:39:50,28.82,38.59,BuildingB_Floor1,TypeC
1079,2025-04-10 03:08:43,27.4,38.43,BuildingB_Floor1,TypeB
1070,2025-04-09 09:57:39,22.67,69.7,BuildingA_Floor1,TypeA
1022,2025-04-10 05:20:45,25.81,47.8,BuildingB_Floor2,TypeA
1028,2025-04-11 05:51:18,15.21,45.2,BuildingB_Floor2,TypeC
1042,2025-04-09 14:08:58,20.5,33.29,BuildingB_Floor2,TypeB
1052,2025-04-11 14:06:56,17.64,66.61,BuildingB_Floor2,TypeA
1009,2025-04-09 20:50:35,28.96,58.37,BuildingB_Floor1,TypeA
1040,2025-04-09 02:52:44,33.58,72.43,BuildingA_Floor2,TypeB
1013,2025-04-07 19:18:41,18.12,36.78,BuildingA_Floor2,TypeB
1040,2025-04-09 04:37:59,31.34,50.81,BuildingA_Floor1,TypeB
1045,2025-04-07 23:09:14,20.52,64.83,BuildingA_Floor2,TypeA
1100,2025-04-08 16:11:46,20.9,70.57,BuildingB_Floor2,TypeC
1067,2025-04-11 04:51:46,16.43,48.35,BuildingA_Floor1,TypeA
1097,2025-04-10 22:12:30,24.31,69.97,BuildingA_Floor1,TypeB
1021,2025-04-08 23:46:23,24.9,69.69,BuildingA_Floor2,TypeC
1000,2025-04-08 18:02:46,23.16,75.23,BuildingA_Floor1,TypeA
1045,2025-04-08 14:03:31,29.08,76.72,BuildingA_Floor1,TypeC
1023,2025-04-10 17:14:23,21.62,78.82,BuildingB_Floor1,TypeA
1086,2025-04-10 09:02:09,29.18,51.28,BuildingA_Floor1,TypeB
1016,2025-04-11 16:28:27,21.43,68.69,BuildingA_Floor2,TypeC
1069,2025-04-10 02:43:59,26.21,64.51,BuildingB_Floor2,TypeC
1083,2025-04-11 19:09:14,31.32,51.0,BuildingA_Floor1,TypeB
1007,2025-04-07 08:31:32,17.43,54.27,BuildingB_Floor2,TypeB
1050,2025-04-07 16:18:20,31.18,46.91,BuildingB_Floor1,TypeA
1027,2025-04-08 14:55:28,17.02,35.16,BuildingA_Floor2,TypeC
1039,2025-04-10 15:50:02,29.08,65.99,BuildingA_Floor2,TypeC
1001,2025-04-08 15:02:21,23.26,42.22,BuildingA_Floor2,TypeB
1020,2025-04-10 23:23:48,15.88,66.48,BuildingB_Floor1,TypeC
1100,2025-04-09 22:49:58,17.78,74.19,BuildingB_Floor2,TypeC
1093,2025-04-08 21:45:59,30.02,46.88,BuildingA_Floor1,TypeB
1084,2025-04-11 16:15:24,19.7,34.9,BuildingB_Floor2,TypeA
1071,2025-04-07 07:01:53,23.29,78.29,BuildingA_Floor1,TypeA
1002,2025-04-07 19:20:41,34.79,64.98,BuildingB_Floor2,TypeB
1031,2025-04-09 01:44:38,16.95,37.03,BuildingB_Floor2,TypeC
1081,2025-04-08 08:45:54,24.03,38.76,BuildingA_Floor2,TypeA
1016,2025-04-08 10:51:03,19.46,47.94,BuildingB_Floor2,TypeB
1021,2025-04-10 14:35:06,25.31,32.59,BuildingA_Floor2,TypeC
1035,2025-04-07 21:55:25,18.12,34.61,BuildingA_Floor2,TypeA
1069,2025-04-11 12:26:33,23.57,52.76,BuildingB_Floor1,TypeC
1037,2025-04-10 06:23:37,23.23,50.83,BuildingB_Floor2,TypeC
1017,2025-04-10 17:01:23,18.84,43.75,BuildingA_Floor1,TypeA
1050,2025-04-08 22:17:36,31.87,31.11,BuildingA_Floor1,TypeB
1011,2025-04-08 08:38:32,29.3,64.58,BuildingB_Floor2,TypeA
1010,2025-04-09 12:47:09,30.14,63.89,BuildingB_Floor2,TypeA
1062,2025-04-09 13:44:22,24.28,75.52,BuildingB_Floor2,TypeB
1034,2025-04-07 11:56:30,26.49,58.47,BuildingB_Floor2,TypeC
1022,2025-04-10 12:50:02,23.55,39.87,BuildingA_Floor2,TypeA
1030,2025-04-07 23:58:20,27.16,75.35,BuildingA_Floor2,TypeA
1047,2025-04-08 15:50:09,32.16,31.45,BuildingB_Floor1,TypeC
1011,2025-04-10 01:17:27,31.15,66.28,BuildingA_Floor1,TypeB
1038,2025-04-11 22:11:55,29.65,52.53,BuildingA_Floor1,TypeA
1058,2025-04-10 08:22:57,18.28,59.79,BuildingB_Floor2,TypeA
1044,2025-04-09 20:53:21,18.58,68.81,BuildingB_Floor2,TypeA
1096,2025-04-07 23:09:58,22.31,50.6,BuildingB_Floor1,TypeA
1034,2025-04-09 03:02:36,27.59,58.16,BuildingB_Floor1,TypeB
1029,2025-04-12 00:18:48,30.26,66.86,BuildingA_Floor2,TypeC
1090,2025-04-08 08:31:50,26.56,77.91,BuildingB_Floor1,TypeB
1022,2025-04-08 06:14:53,29.74,53.03,BuildingB_Floor1,TypeA
1011,2025-04-10 18:46:28,31.43,33.59,BuildingB_Floor1,TypeA
1049,2025-04-11 15:45:30,15.21,60.7,BuildingA_Floor2,TypeB
1052,2025-04-11 19:01:59,24.92,56.62,BuildingA_Floor1,TypeC
1079,2025-04-10 03:19:25,26.58,73.77,BuildingA_Floor1,TypeB
1073,2025-04-08 20:02:52,31.19,74.24,BuildingB_Floor2,TypeA
1057,2025-04-09 23:24:18,34.05,60.98,BuildingA_Floor1,TypeC
1041,2025-04-07 10:58:12,27.06,42.82,BuildingB_Floor1,TypeA
1026,2025-04-07 11:47:01,23.4,40.85,BuildingB_Floor2,TypeA
1001,2025-04-10 15:08:54,20.34,66.01,BuildingA_Floor2,TypeC
1070,2025-04-11 21:11:13,25.83,61.19,BuildingA_Floor1,TypeB
1061,2025-04-09 12:34:20,32.06,61.55,BuildingA_Floor2,TypeA
1049,2025-04-09 17:13:04,28.82,58.43,BuildingB_Floor2,TypeA
1078,2025-04-11 19:38:55,31.29,35.3,BuildingB_Floor1,TypeC
1029,2025-04-08 21:30:14,31.49,48.58,BuildingB_Floor1,TypeC
1042,2025-04-08 22:34:40,17.93,69.44,BuildingA_Floor2,TypeA
1041,2025-04-07 14:21:10,26.52,71.65,BuildingA_Floor1,TypeB
1100,2025-04-11 08:46:37,20.85,34.68,BuildingB_Floor1,TypeB
1032,2025-04-07 12:31:04,26.53,46.63,BuildingA_Floor1,TypeB
1034,2025-04-10 04:10:49,20.84,61.47,BuildingB_Floor1,TypeA
1076,2025-04-11 22:14:02,34.43,30.52,BuildingA_Floor1,TypeB
1091,2025-04-10 14:34:19,21.86,65.71,BuildingA_Floor2,TypeA
1071,2025-04-07 05:29:32,33.64,50.0,BuildingB_Floor1,TypeA
1082,2025-04-07 14:45:39,25.22,64.82,BuildingA_Floor1,TypeC
1056,2025-04-07 17:06:54,21.78,48.22,BuildingA_Floor1,TypeC
1004,2025-04-08 23:07:12,18.96,55.89,BuildingA_Floor2,TypeA
1086,2025-04-11 10:14:14,27.18,68.47,BuildingA_Floor2,TypeC
1026,2025-04-08 00:50:43,19.56,47.82,BuildingA_Floor2,TypeA
1000,2025-04-11 10:45:44,17.36,36.45,BuildingB_Floor2,TypeA
1055,2025-04-09 09:22:58,25.88,66.88,BuildingA_Floor1,TypeC
1035,2025-04-11 03:17:02,33.36,57.77,BuildingA_Floor2,TypeB
1005,2025-04-10 04:02:01,26.15,69.3,BuildingA_Floor1,TypeA
1023,2025-04-08 16:21:53,20.11,55.54,BuildingB_Floor2,TypeB
1029,2025-04-08 08:13:35,18.62,78.81,BuildingB_Floor2,TypeA
1052,2025-04-07 17:22:12,23.84,34.98,BuildingA_Floor2,TypeC
1064,2025-04-10 09:40:41,24.97,72.62,BuildingB_Floor1,TypeB
1081,2025-04-07 18:32:25,19.79,41.11,BuildingA_Floor2,TypeC
1054,2025-04-09 00:58:25,16.65,53.12,BuildingB_Floor1,TypeA
1081,2025-04-09 19:50:18,23.85,34.1,BuildingA_Floor1,TypeA
1028,2025-04-10 09:46:58,26.24,70.38,BuildingB_Floor2,TypeA
1094,2025-04-11 05:24:07,27.24,52.52,BuildingB_Floor2,TypeB
1095,2025-04-09 05:50:35,30.87,59.58,BuildingB_Floor2,TypeA
1068,2025-04-11 04:33:05,34.72,32.38,BuildingA_Floor1,TypeB
1032,2025-04-10 19:40:27,33.54,65.53,BuildingB_Floor1,TypeB
1015,2025-04-11 03:59:43,23.14,71.54,BuildingA_Floor1,TypeC
1030,2025-04-12 00:58:23,30.01,56.76,BuildingB_Floor2,TypeB
1009,2025-04-08 16:12:03,29.68,30.32,BuildingA_Floor2,TypeA
1027,2025-04-11 01:09:54,28.51,36.65,BuildingA_Floor1,TypeB
1066,2025-04-08 00:13:55,20.46,34.93,BuildingB_Floor1,TypeA
1013,2025-04-09 13:19:40,23.91,41.6,BuildingB_Floor2,TypeB
1071,2025-04-09 11:46:21,20.89,78.44,BuildingA_Floor2,TypeC
1031,2025-04-07 06:02:23,24.47,33.77,BuildingB_Floor1,TypeB
1054,2025-04-10 14:05:18,30.26,75.19,BuildingB_Floor1,TypeB
1089,2025-04-09 07:38:25,25.71,77.41,BuildingB_Floor2,TypeA
1025,2025-04-10 20:05:58,23.78,55.88,BuildingB_Floor1,TypeA
1013,2025-04-07 17:55:52,29.97,64.09,BuildingA_Floor2,TypeA
1083,2025-04-07 13:32:17,34.48,52.16,BuildingB_Floor1,TypeC
1087,2025-04-09 08:50:15,32.66,41.17,BuildingB_Floor2,TypeB
1057,2025-04-08 17:32:16,33.39,77.41,BuildingA_Floor2,TypeC
1073,2025-04-08 07:18:05,25.51,45.83,BuildingA_Floor2,TypeC
1036,2025-04-08 03:56:38,24.64,52.7,BuildingA_Floor2,TypeC
1038,2025-04-11 19:13:28,24.03,44.12,BuildingB_Floor2,TypeA
1016,2025-04-07 21:25:36,23.24,51.95,BuildingB_Floor2,TypeB
1065,2025-04-11 13:04:01,15.23,66.64,BuildingB_Floor2,TypeB
1013,2025-04-09 22:30:32,19.87,39.13,BuildingA_Floor2,TypeC
1091,2025-04-08 08:16:55,15.03,51.23,BuildingA_Floor2,TypeA
1004,2025-04-11 10:09:17,18.52,34.34,BuildingA_Floor2,TypeB
1041,2025-04-10 10:46:51,21.91,38.56,BuildingB_Floor2,TypeB
1028,2025-04-07 04:20:17,16.48,75.3,BuildingA_Floor2,TypeB
1001,2025-04-08 12:58:22,26.68,39.6,BuildingA_Floor2,TypeA
1023,2025-04-09 13:50:02,31.98,49.94,BuildingA_Floor2,TypeB
1057,2025-04-11 03:22:54,26.87,38.2,BuildingB_Floor2,TypeA
1079,2025-04-08 04:14:27,34.84,62.97,BuildingB_Floor2,TypeA
1070,2025-04-09 01:49:49,21.09,77.45,BuildingB_Floor2,TypeC
1046,2025-04-11 10:50:37,33.82,78.86,BuildingB_Floor2,TypeA
1012,2025-04-10 04:34:02,31.16,34.21,BuildingA_Floor2,TypeC
1091,2025-04-11 06:46:07,27.4,67.77,BuildingA_Floor2,TypeC
1019,2025-04-07 07:31:40,29.16,75.75,BuildingA_Floor2,TypeA
1021,2025-04-09 23:29:22,26.62,46.95,BuildingB_Floor2,TypeB
1088,2025-04-08 17:04:50,29.34,30.93,BuildingA_Floor1,TypeB
1000,2025-04-07 11:37:10,28.37,54.52,BuildingA_Floor1,TypeA
1047,2025-04-12 00:33:28,28.0,46.38,BuildingA_Floor2,TypeA
1095,2025-04-10 15:39:16,28.27,32.27,BuildingB_Floor1,TypeC
1009,2025-04-10 03:25:33,30.44,75.03,BuildingB_Floor2,TypeA
1068,2025-04-07 19:40:29,17.16,32.84,BuildingB_Floor1,TypeB
1023,2025-04-11 03:20:31,19.02,69.34,BuildingA_Floor2,TypeC
1073,2025-04-10 20:34:04,15.81,50.16,BuildingB_Floor1,TypeC
1018,2025-04-09 20:07:57,18.53,56.53,BuildingB_Floor2,TypeA
1046,2025-04-11 21:52:45,20.89,55.05,BuildingB_Floor1,TypeA
1074,2025-04-07 07:59:56,20.27,51.61,BuildingB_Floor2,TypeB
1049,2025-04-08 16:04:35,20.88,45.59,BuildingA_Floor1,TypeB
1019,2025-04-07 02:39:09,17.7,54.23,BuildingB_Floor1,TypeC
1070,2025-04-08 01:24:48,18.39,71.49,BuildingB_Floor1,TypeB
1073,2025-04-11 22:05:16,25.57,45.05,BuildingA_Floor1,TypeA
1033,2025-04-10 03:36:43,32.5,58.3,BuildingB_Floor1,TypeC
1093,2025-04-09 12:21:16,15.6,33.65,BuildingA_Floor2,TypeA
1084,2025-04-09 02:18:45,16.27,75.64,BuildingA_Floor2,TypeC
1046,2025-04-10 11:56:25,28.73,49.08,BuildingB_Floor2,TypeC
1043,2025-04-08 22:39:41,22.26,65.09,BuildingA_Floor1,TypeC
1051,2025-04-07 22:08:38,19.51,75.48,BuildingA_Floor1,TypeB
1047,2025-04-08 10:07:05,25.58,30.31,BuildingB_Floor1,TypeC
1050,2025-04-08 03:10:45,18.94,59.36,BuildingB_Floor1,TypeB
1047,2025-04-08 02:01:25,25.8,58.4,BuildingB_Floor1,TypeA
1025,2025-04-09 09:31:18,15.49,32.93,BuildingA_Floor2,TypeA
1034,2025-04-09 00:12:35,24.25,72.81,BuildingB_Floor1,TypeA
1011,2025-04-07 10:38:01,19.02,54.59,BuildingB_Floor1,TypeB
1070,2025-04-09 10:24:07,34.22,77.02,BuildingB_Floor2,TypeA
1066,2025-04-07 23:01:26,15.16,37.1,BuildingB_Floor1,TypeB
1066,2025-04-10 12:47:58,33.82,74.9,BuildingA_Floor2,TypeC
1055,2025-04-07 08:56:51,32.43,64.37,BuildingA_Floor1,TypeB
1069,2025-04-11 21:26:41,32.04,67.2,BuildingB_Floor2,TypeC
1031,2025-04-10 03:13:14,24.86,31.52,BuildingB_Floor1,TypeB
1014,2025-04-11 13:17:37,18.11,62.62,BuildingA_Floor2,TypeB
1075,2025-04-07 19:06:57,19.91,56.89,BuildingA_Floor2,TypeB
1018,2025-04-08 10:21:40,28.89,67.5,BuildingA_Floor2,TypeC
1005,2025-04-08 05:35:20,33.64,63.87,BuildingB_Floor2,TypeA
1001,2025-04-09 06:24:14,24.7,75.04,BuildingA_Floor2,TypeA
1059,2025-04-08 10:53:31,22.82,76.25,BuildingB_Floor2,TypeA
1015,2025-04-09 19:21:25,34.46,62.96,BuildingB_Floor2,TypeA
1031,2025-04-08 13:44:54,30.15,79.38,BuildingB_Floor2,TypeB
1084,2025-04-11 12:36:21,20.95,78.54,BuildingB_Floor1,TypeA
1085,2025-04-11 13:12:01,25.26,73.99,BuildingA_Floor1,TypeC
1036,2025-04-12 01:48:43,18.27,34.07,BuildingA_Floor1,TypeC
1081,2025-04-07 09:27:00,27.99,31.4,BuildingA_Floor1,TypeC
1007,2025-04-10 01:43:44,31.76,60.28,BuildingA_Floor2,TypeB
1095,2025-04-11 23:06:53,25.43,64.62,BuildingB_Floor2,TypeC
1039,2025-04-11 10:27:09,30.4,37.21,BuildingA_Floor2,TypeA
1041,2025-04-11 03:06:53,24.54,61.53,BuildingA_Floor1,TypeA
1010,2025-04-08 22:43:50,21.78,68.59,BuildingB_Floor2,TypeC
1088,2025-04-09 11:00:11,19.79,71.82,BuildingA_Floor1,TypeA
1014,2025-04-10 06:41:46,29.31,53.93,BuildingB_Floor1,TypeC
1022,2025-04-12 01:21:47,16.81,52.49,BuildingB_Floor2,TypeA
1063,2025-04-09 23:14:12,34.61,57.36,BuildingB_Floor1,TypeA
1038,2025-04-10 22:28:11,19.81,32.12,BuildingB_Floor2,TypeB
1008,2025-04-09 14:00:30,16.66,54.13,BuildingB_Floor2,TypeC
1025,2025-04-12 00:30:34,15.92,46.0,BuildingB_Floor2,TypeB
1073,2025-04-11 16:26:08,32.16,32.83,BuildingB_Floor2,TypeA
1071,2025-04-07 04:24:48,34.58,44.2,BuildingA_Floor1,TypeB
1024,2025-04-08 00:11:17,29.87,30.81,BuildingA_Floor2,TypeB
1013,2025-04-10 19:31:39,23.85,66.44,BuildingB_Floor1,TypeC
1045,2025-04-11 10:43:49,30.82,51.52,BuildingA_Floor2,TypeC
1051,2025-04-11 08:37:25,31.34,46.4,BuildingB_Floor2,TypeB
1097,2025-04-11 02:48:44,33.13,33.96,BuildingB_Floor1,TypeC
1029,2025-04-11 11:44:45,22.58,73.98,BuildingA_Floor1,TypeA
1066,2025-04-10 21:37:21,16.99,35.96,BuildingA_Floor2,TypeC
1028,2025-04-10 11:54:57,17.22,56.65,BuildingA_Floor2,TypeA
1052,2025-04-08 09:19:29,31.73,59.82,BuildingB_Floor1,TypeC
1024,2025-04-08 02:17:06,17.96,37.5,BuildingB_Floor2,TypeC
1090,2025-04-07 03:09:41,33.36,65.59,BuildingB_Floor2,TypeB
1094,2025-04-12 00:07:21,25.08,42.1,BuildingB_Floor1,TypeB
1002,2025-04-10 11:12:28,24.34,75.88,BuildingB_Floor2,TypeA
1076,2025-04-09 04:55:53,26.53,75.9,BuildingB_Floor2,TypeB
1024,2025-04-07 06:06:50,31.2,34.46,BuildingB_Floor1,TypeB
1094,2025-04-08 17:37:08,17.86,39.87,BuildingA_Floor1,TypeB
1099,2025-04-10 06:06:55,17.53,46.25,BuildingA_Floor2,TypeC
1088,2025-04-09 15:38:49,16.69,35.28,BuildingA_Floor2,TypeA
1007,2025-04-10 12:49:18,16.52,74.83,BuildingA_Floor1,TypeC
1038,2025-04-10 03:21:41,30.85,51.27,BuildingA_Floor2,TypeC
1075,2025-04-10 01:18:51,22.48,40.07,BuildingA_Floor2,TypeB
1079,2025-04-10 09:42:40,24.75,38.59,BuildingB_Floor2,TypeA
1055,2025-04-11 23:14:54,27.67,34.88,BuildingB_Floor1,TypeA
1056,2025-04-10 03:09:43,25.38,47.13,BuildingB_Floor2,TypeC
1036,2025-04-08 09:09:57,17.94,43.17,BuildingA_Floor2,TypeA
1003,2025-04-09 13:31:53,29.69,65.51,BuildingA_Floor1,TypeB
1100,2025-04-11 15:08:10,24.64,41.17,BuildingB_Floor1,TypeA
1092,2025-04-07 17:48:27,16.95,65.86,BuildingA_Floor2,TypeB
1090,2025-04-08 10:00:31,18.91,52.65,BuildingA_Floor2,TypeC
1014,2025-04-07 09:36:07,30.85,52.41,BuildingA_Floor1,TypeB
1052,2025-04-08 22:06:26,29.18,72.11,BuildingA_Floor2,TypeA
1060,2025-04-11 13:44:01,17.71,78.1,BuildingA_Floor2,TypeA
1098,2025-04-08 21:17:49,27.48,34.44,BuildingB_Floor2,TypeA
1071,2025-04-10 01:32:37,21.47,36.47,BuildingB_Floor1,TypeC
1064,2025-04-10 00:02:10,19.6,40.71,BuildingA_Floor2,TypeA
1036,2025-04-09 12:45:27,31.42,79.15,BuildingA_Floor1,TypeC
1085,2025-04-11 13:11:08,17.76,54.16,BuildingA_Floor2,TypeB
1064,2025-04-07 08:36:45,23.88,74.95,BuildingB_Floor1,TypeA
1046,2025-04-10 00:29:49,26.26,56.48,BuildingA_Floor2,TypeC
1058,2025-04-08 06:26:06,21.19,52.82,BuildingB_Floor2,TypeA
1022,2025-04-11 15:49:02,20.48,60.22,BuildingA_Floor2,TypeA
1061,2025-04-07 04:57:39,23.07,32.59,BuildingA_Floor2,TypeA
1030,2025-04-10 15:00:35,17.25,32.89,BuildingA_Floor1,TypeA
1021,2025-04-08 03:56:21,27.43,74.04,BuildingA_Floor1,TypeA
1040,2025-04-09 07:48:42,30.91,75.25,BuildingB_Floor1,TypeC
1049,2025-04-09 20:59:51,34.87,37.96,BuildingB_Floor2,TypeB
1010,2025-04-09 13:04:39,34.44,42.58,BuildingA_Floor2,TypeC
1058,2025-04-07 23:23:52,31.29,46.82,BuildingA_Floor1,TypeB
1099,2025-04-09 19:30:18,33.86,75.73,BuildingA_Floor2,TypeA
1008,2025-04-07 21:06:14,30.06,70.94,BuildingB_Floor2,TypeA
1044,2025-04-10 08:56:27,26.86,40.58,BuildingB_Floor1,TypeB
1078,2025-04-09 13:27:20,21.76,69.58,BuildingA_Floor2,TypeC
1066,2025-04-10 03:47:32,18.52,53.13,BuildingA_Floor2,TypeC
1052,2025-04-08 14:19:34,26.53,60.65,BuildingA_Floor1,TypeC
1063,2025-04-07 22:40:26,17.39,57.25,BuildingA_Floor1,TypeB
1026,2025-04-07 08:07:20,19.15,52.76,BuildingB_Floor2,TypeC
1066,2025-04-11 22:51:18,20.13,71.62,BuildingA_Floor2,TypeA
1042,2025-04-10 16:28:36,26.3,62.69,BuildingB_Floor2,TypeA
1063,2025-04-07 15:50:39,24.66,47.08,BuildingB_Floor2,TypeC
1047,2025-04-09 20:26:07,29.97,36.72,BuildingA_Floor2,TypeA
1094,2025-04-07 08:10:49,19.26,71.84,BuildingB_Floor2,TypeC
1043,2025-04-07 18:05:51,31.39,51.89,BuildingB_Floor2,TypeA
1070,2025-04-11 23:10:04,18.76,69.38,BuildingA_Floor2,TypeA
1018,2025-04-07 14:37:01,29.46,42.51,BuildingB_Floor2,TypeB
1054,2025-04-10 10:13:45,21.36,37.78,BuildingA_Floor1,TypeB
1038,2025-04-10 13:10:39,31.04,72.78,BuildingA_Floor2,TypeB
1099,2025-04-10 07:23:01,31.19,49.56,BuildingB_Floor1,TypeC
1089,2025-04-07 20:06:58,28.66,49.61,BuildingA_Floor2,TypeC
1070,2025-04-09 11:21:51,18.87,65.47,BuildingA_Floor1,TypeA
1074,2025-04-10 10:00:30,21.57,43.14,BuildingA_Floor2,TypeA
1066,2025-04-07 22:10:52,24.39,44.79,BuildingA_Floor2,TypeB
1062,2025-04-10 14:51:06,33.3,55.95,BuildingB_Floor2,TypeB
1063,2025-04-08 12:22:11,28.29,55.64,BuildingB_Floor2,TypeC
1073,2025-04-08 14:38:31,22.59,39.21,BuildingA_Floor1,TypeB
1033,2025-04-08 15:48:32,34.71,43.23,BuildingB_Floor2,TypeB
1063,2025-04-09 12:45:46,19.65,35.7,BuildingB_Floor2,TypeA
1079,2025-04-09 23:42:43,29.34,36.26,BuildingA_Floor2,TypeB
1067,2025-04-07 07:37:46,34.44,71.99,BuildingB_Floor2,TypeA
1046,2025-04-11 07:44:41,21.38,53.83,BuildingA_Floor1,TypeB
1018,2025-04-09 19:29:04,33.72,34.84,BuildingB_Floor2,TypeA
1064,2025-04-08 07:04:32,19.81,45.39,BuildingB_Floor1,TypeA
1059,2025-04-11 10:45:25,22.8,75.03,BuildingB_Floor1,TypeC
1064,2025-04-10 13:17:23,23.45,58.34,BuildingA_Floor1,TypeB
1011,2025-04-10 15:46:22,23.94,59.72,BuildingB_Floor1,TypeB
1053,2025-04-07 12:42:14,25.13,67.63,BuildingB_Floor2,TypeB
1031,2025-04-09 13:14:29,30.28,66.86,BuildingB_Floor1,TypeB
1018,2025-04-08 11:13:09,19.46,50.41,BuildingB_Floor1,TypeA
1014,2025-04-07 20:39:46,33.73,37.07,BuildingA_Floor1,TypeA
1016,2025-04-09 03:34:05,19.62,62.12,BuildingA_Floor2,TypeA
1030,2025-04-10 22:50:06,18.97,47.15,BuildingB_Floor1,TypeA
1010,2025-04-08 08:46:08,20.62,78.69,BuildingA_Floor2,TypeC
1053,2025-04-08 22:33:35,29.45,49.9,BuildingA_Floor1,TypeB
1024,2025-04-07 23:37:14,18.09,35.48,BuildingB_Floor2,TypeA
1099,2025-04-12 01:42:38,21.5,71.56,BuildingB_Floor1,TypeA
1054,2025-04-07 12:00:15,28.5,49.67,BuildingB_Floor2,TypeC
1041,2025-04-07 10:39:02,26.82,62.16,BuildingA_Floor2,TypeC
1100,2025-04-09 10:01:07,30.06,71.94,BuildingA_Floor1,TypeC
1067,2025-04-09 22:28:52,21.01,30.66,BuildingA_Floor1,TypeA
1029,2025-04-11 17:43:23,20.2,54.69,BuildingB_Floor1,TypeA
1063,2025-04-10 03:03:05,32.37,44.88,BuildingA_Floor2,TypeA
1018,2025-04-08 10:45:51,18.38,33.96,BuildingB_Floor1,TypeA
1043,2025-04-10 08:51:52,33.38,46.26,BuildingA_Floor2,TypeA
1087,2025-04-07 02:16:51,17.63,55.36,BuildingB_Floor1,TypeA
1031,2025-04-11 21:02:05,19.1,53.66,BuildingA_Floor2,TypeC
1036,2025-04-10 19:31:13,18.42,39.51,BuildingB_Floor1,TypeA
1071,2025-04-08 03:47:59,33.47,30.16,BuildingA_Floor1,TypeB
1005,2025-04-08 02:54:58,17.47,33.79,BuildingA_Floor1,TypeA
1076,2025-04-08 03:22:34,21.85,72.65,BuildingA_Floor1,TypeC
1008,2025-04-09 03:36:30,34.85,40.51,BuildingA_Floor2,TypeB
1067,2025-04-07 18:05:56,28.4,64.02,BuildingA_Floor2,TypeA
1014,2025-04-09 00:57:16,18.11,48.51,BuildingA_Floor2,TypeC
1087,2025-04-11 02:19:03,18.56,60.36,BuildingB_Floor2,TypeB
1034,2025-04-11 08:59:08,25.33,40.3,BuildingB_Floor2,TypeA
1023,2025-04-09 17:34:19,21.64,40.49,BuildingA_Floor2,TypeC
1078,2025-04-09 10:27:24,34.02,57.6,BuildingB_Floor1,TypeA
1086,2025-04-07 23:59:47,20.8,47.65,BuildingA_Floor1,TypeB
1076,2025-04-08 12:19:10,27.83,65.0,BuildingA_Floor2,TypeB
1056,2025-04-08 19:34:01,17.05,40.72,BuildingB_Floor1,TypeB
1049,2025-04-07 04:57:09,21.02,46.14,BuildingA_Floor2,TypeA
1071,2025-04-11 17:00:13,23.61,55.78,BuildingA_Floor2,TypeB
1089,2025-04-08 14:45:45,25.88,35.52,BuildingA_Floor2,TypeB
1079,2025-04-08 07:27:49,22.41,68.24,BuildingB_Floor1,TypeC
1002,2025-04-10 02:16:03,19.76,52.08,BuildingA_Floor1,TypeB
1064,2025-04-09 04:27:28,32.4,69.53,BuildingA_Floor2,TypeB
1086,2025-04-08 11:51:59,24.15,37.4,BuildingA_Floor1,TypeA
1054,2025-04-09 16:57:38,20.69,30.54,BuildingB_Floor2,TypeA
1035,2025-04-08 16:48:42,16.8,57.08,BuildingB_Floor1,TypeB
1089,2025-04-10 15:32:15,34.31,74.4,BuildingA_Floor1,TypeC
1077,2025-04-09 07:26:06,31.1,46.82,BuildingB_Floor1,TypeC
1037,2025-04-07 17:07:30,17.22,79.12,BuildingA_Floor1,TypeC
1044,2025-04-08 18:57:03,15.95,62.68,BuildingA_Floor1,TypeC
1051,2025-04-11 09:26:36,26.84,39.81,BuildingA_Floor2,TypeA
1032,2025-04-09 21:21:44,26.01,71.81,BuildingA_Floor2,TypeB
1081,2025-04-07 03:13:53,26.59,74.4,BuildingA_Floor2,TypeB
1069,2025-04-10 22:29:20,27.5,71.75,BuildingA_Floor1,TypeC
1081,2025-04-11 22:49:10,18.72,36.0,BuildingA_Floor1,TypeB
1089,2025-04-10 22:16:00,24.38,48.7,BuildingB_Floor2,TypeB
1065,2025-04-11 18:29:33,27.6,47.04,BuildingA_Floor2,TypeC
1037,2025-04-11 23:57:02,32.49,45.35,BuildingB_Floor2,TypeB
1033,2025-04-07 08:44:42,31.57,49.57,BuildingB_Floor1,TypeA
1059,2025-04-09 02:24:52,33.54,31.46,BuildingA_Floor1,TypeA
1043,2025-04-11 13:45:22,24.6,60.05,BuildingB_Floor2,TypeA
1094,2025-04-11 14:23:48,17.85,66.32,BuildingA_Floor1,TypeC
1010,2025-04-08 01:27:13,32.75,46.89,BuildingA_Floor2,TypeB
1015,2025-04-10 14:19:26,15.49,77.78,BuildingB_Floor1,TypeC
1095,2025-04-09 21:33:10,29.69,66.27,BuildingA_Floor2,TypeC
1046,2025-04-10 11:39:57,32.36,78.71,BuildingB_Floor2,TypeC
1074,2025-04-07 13:43:55,21.73,50.41,BuildingB_Floor2,TypeC
1086,2025-04-11 17:03:28,29.09,31.75,BuildingA_Floor2,TypeB
1022,2025-04-11 16:57:22,30.11,55.67,BuildingA_Floor2,TypeB
1051,2025-04-08 02:49:35,34.36,46.46,BuildingA_Floor2,TypeC
1097,2025-04-07 05:22:12,23.97,71.43,BuildingB_Floor2,TypeA
1039,2025-04-10 15:49:18,28.7,53.28,BuildingA_Floor1,TypeC
1082,2025-04-09 22:42:44,19.68,49.98,BuildingA_Floor1,TypeA
1023,2025-04-10 12:02:37,20.75,55.48,BuildingA_Floor2,TypeC
1049,2025-04-08 02:06:19,27.21,45.21,BuildingB_Floor1,TypeA
1082,2025-04-12 01:02:49,20.56,31.54,BuildingA_Floor1,TypeA
1003,2025-04-09 17:25:00,18.73,75.93,BuildingB_Floor2,TypeA
1097,2025-04-07 11:05:06,16.9,48.14,BuildingA_Floor1,TypeB
1087,2025-04-07 05:16:06,26.89,52.19,BuildingB_Floor1,TypeA
1038,2025-04-09 16:22:20,23.64,77.74,BuildingB_Floor2,TypeB
1061,2025-04-08 00:01:33,27.82,45.86,BuildingA_Floor1,TypeB
1046,2025-04-09 22:33:52,20.94,48.97,BuildingB_Floor2,TypeA
1052,2025-04-09 19:54:44,23.66,32.92,BuildingA_Floor1,TypeC
1028,2025-04-09 19:11:45,29.97,64.61,BuildingB_Floor1,TypeA
1041,2025-04-07 02:33:58,33.62,71.14,BuildingB_Floor2,TypeC
1061,2025-04-09 02:37:47,22.16,74.24,BuildingB_Floor1,TypeC
1059,2025-04-11 16:17:39,30.03,34.61,BuildingB_Floor1,TypeC
1076,2025-04-09 04:36:21,31.37,38.01,BuildingA_Floor1,TypeA
1064,2025-04-07 23:34:03,34.35,62.32,BuildingB_Floor2,TypeA
1041,2025-04-11 23:09:23,32.38,75.74,BuildingB_Floor1,TypeA
1091,2025-04-10 11:54:06,34.5,74.75,BuildingB_Floor2,TypeB
1016,2025-04-07 11:15:12,17.81,57.3,BuildingB_Floor2,TypeB
1002,2025-04-08 10:32:17,30.48,53.23,BuildingA_Floor1,TypeB
1073,2025-04-07 12:24:27,25.73,70.79,BuildingB_Floor1,TypeA
1065,2025-04-08 00:37:43,28.82,71.84,BuildingB_Floor2,TypeA
1099,2025-04-11 07:16:28,23.32,30.76,BuildingA_Floor1,TypeB
1047,2025-04-07 09:30:31,23.46,69.37,BuildingA_Floor2,TypeB
1042,2025-04-11 12:37:39,27.16,48.64,BuildingA_Floor2,TypeB
1056,2025-04-11 06:58:20,16.86,66.57,BuildingB_Floor1,TypeB
1097,2025-04-07 09:54:04,16.49,70.83,BuildingB_Floor2,TypeC
1100,2025-04-09 00:05:19,27.63,43.56,BuildingA_Floor1,TypeA
1089,2025-04-12 01:48:24,20.31,47.0,BuildingA_Floor1,TypeA
1059,2025-04-08 11:34:18,24.61,78.64,BuildingA_Floor1,TypeA
1025,2025-04-07 19:33:18,29.0,46.77,BuildingB_Floor1,TypeA
1018,2025-04-08 02:53:09,22.27,34.93,BuildingA_Floor1,TypeA
1089,2025-04-08 20:27:46,24.66,70.37,BuildingB_Floor2,TypeB
1067,2025-04-07 14:44:08,31.05,47.42,BuildingB_Floor1,TypeA
1070,2025-04-11 01:22:16,25.92,68.69,BuildingB_Floor2,TypeC
1061,2025-04-10 05:21:15,24.79,39.13,BuildingA_Floor2,TypeC
1082,2025-04-10 13:26:55,29.76,32.92,BuildingA_Floor1,TypeB
1010,2025-04-09 15:33:03,22.89,64.13,BuildingB_Floor2,TypeA
1007,2025-04-07 17:22:08,16.76,45.56,BuildingB_Floor2,TypeC
1049,2025-04-07 18:16:16,21.5,62.34,BuildingB_Floor2,TypeB
1065,2025-04-09 12:58:54,32.84,55.46,BuildingB_Floor1,TypeB
1020,2025-04-09 01:37:33,19.49,47.48,BuildingA_Floor1,TypeB
1021,2025-04-09 13:15:05,30.14,69.33,BuildingB_Floor1,TypeC
1061,2025-04-11 21:11:43,30.21,66.08,BuildingA_Floor2,TypeB
1079,2025-04-11 23:07:38,31.02,76.74,BuildingB_Floor2,TypeC
1094,2025-04-08 00:28:27,34.57,73.1,BuildingA_Floor1,TypeA
1023,2025-04-11 08:31:19,17.2,77.87,BuildingA_Floor1,TypeA
1090,2025-04-10 16:19:02,26.38,47.22,BuildingB_Floor2,TypeA
1018,2025-04-07 20:52:43,26.85,63.58,BuildingB_Floor1,TypeB
1045,2025-04-09 21:51:44,32.26,55.68,BuildingB_Floor2,TypeA
1073,2025-04-08 23:41:11,33.28,76.0,BuildingB_Floor2,TypeA
1022,2025-04-10 13:06:36,25.87,69.51,BuildingA_Floor1,TypeB
1085,2025-04-09 03:48:19,29.12,38.52,BuildingB_Floor1,TypeC
1043,2025-04-11 17:43:05,18.68,60.53,BuildingA_Floor2,TypeA
1000,2025-04-11 19:00:49,32.47,62.29,BuildingB_Floor2,TypeA
1013,2025-04-07 07:32:46,20.84,66.46,BuildingA_Floor2,TypeB
1094,2025-04-10 03:06:54,19.04,39.52,BuildingA_Floor2,TypeC
1065,2025-04-08 15:25:25,30.38,34.32,BuildingB_Floor1,TypeA
1010,2025-04-10 15:16:32,33.12,49.05,BuildingA_Floor1,TypeC
1069,2025-04-08 03:56:08,21.39,57.75,BuildingA_Floor2,TypeC
1099,2025-04-08 12:36:35,28.8,61.17,BuildingA_Floor2,TypeC
1027,2025-04-09 22:50:23,29.42,46.94,BuildingA_Floor2,TypeC
1067,2025-04-07 10:50:33,21.92,59.52,BuildingB_Floor2,TypeB
1045,2025-04-10 22:50:50,32.07,57.76,BuildingA_Floor2,TypeB
1011,2025-04-09 00:07:30,15.87,42.82,BuildingB_Floor1,TypeC
1088,2025-04-10 12:39:46,20.01,50.48,BuildingB_Floor1,TypeA
1085,2025-04-09 20:06:13,28.72,64.79,BuildingB_Floor1,TypeA
1005,2025-04-11 03:16:54,19.57,73.43,BuildingA_Floor1,TypeA
1070,2025-04-10 10:17:40,19.13,57.25,BuildingB_Floor2,TypeB
1085,2025-04-09 14:57:04,27.05,40.32,BuildingA_Floor2,TypeA
1094,2025-04-10 15:14:53,32.02,45.14,BuildingA_Floor2,TypeC
1029,2025-04-08 01:05:59,29.36,59.07,BuildingB_Floor1,TypeB
1078,2025-04-10 13:39:24,15.67,35.22,BuildingA_Floor2,TypeB
1015,2025-04-10 19:38:21,21.7,64.05,BuildingA_Floor1,TypeB
1065,2025-04-09 14:53:57,18.91,54.33,BuildingB_Floor1,TypeB
1077,2025-04-12 01:25:47,28.32,60.93,BuildingB_Floor1,TypeB
1029,2025-04-07 07:17:47,30.18,79.21,BuildingB_Floor2,TypeC
1017,2025-04-07 07:52:44,19.04,75.22,BuildingB_Floor1,TypeC
1004,2025-04-09 19:55:34,29.19,42.74,BuildingB_Floor1,TypeA
1075,2025-04-10 01:26:41,28.54,52.64,BuildingA_Floor1,TypeA
1004,2025-04-11 22:08:06,23.94,42.95,BuildingB_Floor2,TypeB
1014,2025-04-07 20:00:46,24.27,65.74,BuildingA_Floor1,TypeB
1006,2025-04-09 00:30:17,19.72,39.97,BuildingB_Floor1,TypeC
1062,2025-04-07 07:48:29,22.52,44.22,BuildingB_Floor1,TypeA
1074,2025-04-10 12:44:10,25.63,56.77,BuildingB_Floor1,TypeB
1020,2025-04-10 02:20:27,16.59,49.15,BuildingA_Floor1,TypeB
1044,2025-04-10 16:15:36,21.29,64.8,BuildingB_Floor1,TypeC
1008,2025-04-11 23:01:28,27.43,37.28,BuildingA_Floor1,TypeB
1049,2025-04-07 12:33:41,20.26,66.83,BuildingB_Floor1,TypeB
1036,2025-04-09 10:51:38,19.02,57.26,BuildingA_Floor1,TypeC
1036,2025-04-11 05:46:47,20.75,55.81,BuildingB_Floor1,TypeB
1009,2025-04-11 09:11:25,30.92,51.36,BuildingA_Floor1,TypeC
1100,2025-04-08 04:20:54,32.67,69.43,BuildingA_Floor2,TypeA
1013,2025-04-10 12:25:24,15.09,40.31,BuildingA_Floor1,TypeA
1046,2025-04-09 03:11:10,26.39,43.77,BuildingA_Floor2,TypeA
1074,2025-04-11 16:42:20,29.06,32.28,BuildingB_Floor1,TypeA
1098,2025-04-08 18:14:25,28.12,45.39,BuildingA_Floor2,TypeC
1099,2025-04-07 13:38:45,16.87,44.55,BuildingA_Floor1,TypeA
1015,2025-04-09 09:41:06,27.15,74.49,BuildingB_Floor1,TypeC
1080,2025-04-11 05:45:46,34.22,38.96,BuildingB_Floor2,TypeB
1075,2025-04-10 12:26:02,27.14,59.85,BuildingB_Floor1,TypeB
1004,2025-04-07 12:13:24,29.24,68.73,BuildingB_Floor2,TypeC
1076,2025-04-09 09:48:42,29.74,39.67,BuildingB_Floor1,TypeA
1045,2025-04-09 03:47:28,19.55,55.05,BuildingA_Floor2,TypeB
1047,2025-04-07 02:46:18,21.27,41.22,BuildingA_Floor2,TypeC
1010,2025-04-08 03:43:18,31.75,76.94,BuildingB_Floor1,TypeB
1005,2025-04-09 23:40:17,15.13,43.53,BuildingB_Floor2,TypeA
1082,2025-04-11 05:43:16,23.12,71.63,BuildingA_Floor2,TypeA
1048,2025-04-09 19:58:26,27.93,45.56,BuildingB_Floor1,TypeC
1098,2025-04-10 15:09:39,32.42,50.48,BuildingB_Floor1,TypeA
1052,2025-04-09 23:14:59,22.66,34.29,BuildingA_Floor1,TypeC
1097,2025-04-08 01:38:58,20.06,64.43,BuildingB_Floor2,TypeA
1072,2025-04-07 20:06:17,20.65,72.53,BuildingA_Floor1,TypeB
1087,2025-04-10 15:07:16,24.52,40.96,BuildingA_Floor2,TypeA
1065,2025-04-08 11:56:33,20.17,71.76,BuildingA_Floor1,TypeC
1042,2025-04-11 05:35:31,32.57,61.39,BuildingA_Floor1,TypeC
1088,2025-04-08 16:30:10,25.82,79.17,BuildingA_Floor2,TypeA
1025,2025-04-10 14:33:09,31.77,37.89,BuildingA_Floor2,TypeC
1050,2025-04-08 11:09:38,29.57,49.27,BuildingB_Floor2,TypeB
1003,2025-04-07 17:56:44,33.19,48.17,BuildingA_Floor2,TypeA
1093,2025-04-11 00:24:11,33.4,34.88,BuildingA_Floor1,TypeA
1085,2025-04-09 23:59:16,18.51,60.3,BuildingA_Floor1,TypeB
1053,2025-04-09 09:40:13,15.84,60.18,BuildingA_Floor1,TypeA
1069,2025-04-07 06:58:08,19.44,31.13,BuildingB_Floor1,TypeB
1040,2025-04-11 22:29:03,28.47,55.29,BuildingA_Floor1,TypeB
1050,2025-04-08 03:33:24,27.52,69.91,BuildingA_Floor2,TypeB
1031,2025-04-08 05:13:02,19.55,73.97,BuildingA_Floor2,TypeC
1069,2025-04-09 09:36:46,34.4,30.63,BuildingB_Floor2,TypeB
1058,2025-04-11 03:44:16,27.48,76.71,BuildingA_Floor2,TypeC
1062,2025-04-09 13:40:41,34.55,77.38,BuildingA_Floor2,TypeB
1045,2025-04-07 16:05:19,17.04,56.17,BuildingA_Floor1,TypeB
1089,2025-04-11 11:58:38,16.0,54.12,BuildingA_Floor1,TypeC
1047,2025-04-07 12:20:58,29.54,53.41,BuildingA_Floor1,TypeC
1064,2025-04-09 10:15:10,23.6,49.03,BuildingA_Floor1,TypeC
1066,2025-04-09 06:03:19,24.95,74.92,BuildingA_Floor1,TypeB
1071,2025-04-08 14:28:08,19.43,34.91,BuildingB_Floor1,TypeA
1060,2025-04-09 07:57:19,19.64,47.77,BuildingA_Floor2,TypeA
1007,2025-04-07 11:12:52,33.01,76.59,BuildingA_Floor1,TypeC
1091,2025-04-07 04:04:50,25.61,46.06,BuildingB_Floor1,TypeC
1071,2025-04-08 16:57:15,30.32,61.5,BuildingB_Floor2,TypeC
1002,2025-04-07 12:32:24,18.43,73.18,BuildingA_Floor1,TypeA
1022,2025-04-10 01:44:11,23.53,33.52,BuildingB_Floor2,TypeC
1097,2025-04-10 03:40:53,24.98,36.27,BuildingA_Floor2,TypeB
1033,2025-04-07 05:24:58,25.89,42.61,BuildingA_Floor2,TypeA
1073,2025-04-10 17:19:29,16.46,55.69,BuildingB_Floor1,TypeC
1010,2025-04-10 16:18:52,30.59,76.82,BuildingB_Floor2,TypeB
1019,2025-04-10 15:25:00,27.42,70.46,BuildingB_Floor1,TypeA
1041,2025-04-10 12:02:57,18.04,50.9,BuildingA_Floor2,TypeB
1081,2025-04-09 16:03:56,24.35,66.31,BuildingA_Floor2,TypeC
1070,2025-04-07 03:30:38,32.7,54.18,BuildingA_Floor2,TypeB
1070,2025-04-10 23:46:06,28.98,58.99,BuildingB_Floor1,TypeB
1076,2025-04-08 00:14:28,33.15,72.21,BuildingA_Floor1,TypeC
1059,2025-04-11 16:51:56,27.09,67.94,BuildingB_Floor2,TypeA
1028,2025-04-11 03:13:48,20.16,64.63,BuildingB_Floor2,TypeC
1044,2025-04-08 10:37:37,25.15,76.55,BuildingB_Floor1,TypeA
1050,2025-04-11 15:52:57,23.32,30.87,BuildingA_Floor1,TypeA
1040,2025-04-11 08:30:11,21.66,66.65,BuildingB_Floor1,TypeB
1078,2025-04-11 05:38:35,32.41,70.94,BuildingA_Floor2,TypeA
1027,2025-04-08 05:03:23,30.29,31.03,BuildingB_Floor2,TypeB
1057,2025-04-08 13:53:30,26.04,46.39,BuildingA_Floor1,TypeC
1062,2025-04-09 00:58:26,19.58,61.78,BuildingA_Floor2,TypeA
1016,2025-04-10 16:21:59,19.01,69.35,BuildingB_Floor2,TypeC
1055,2025-04-11 06:00:48,27.37,78.25,BuildingB_Floor2,TypeC
1070,2025-04-10 01:03:49,18.32,72.98,BuildingB_Floor2,TypeB
1095,2025-04-09 11:48:08,24.93,74.56,BuildingA_Floor1,TypeC
1037,2025-04-07 22:34:17,16.8,71.56,BuildingB_Floor2,TypeC
1034,2025-04-08 16:35:22,32.43,64.67,BuildingA_Floor2,TypeB
1075,2025-04-11 17:52:33,27.16,67.59,BuildingA_Floor1,TypeA
1024,2025-04-11 02:32:40,18.8,64.74,BuildingA_Floor2,TypeB
1043,2025-04-10 08:24:40,32.36,70.16,BuildingB_Floor2,TypeA
1001,2025-04-11 22:43:57,32.05,70.67,BuildingA_Floor2,TypeB
1041,2025-04-07 10:57:13,22.24,75.71,BuildingA_Floor1,TypeA
1023,2025-04-08 07:46:13,25.74,37.37,BuildingA_Floor2,TypeB
1050,2025-04-10 15:28:50,29.29,47.98,BuildingA_Floor1,TypeB
1088,2025-04-11 12:19:16,25.08,35.5,BuildingA_Floor1,TypeA
1060,2025-04-07 05:52:10,30.38,62.62,BuildingB_Floor1,TypeB
1097,2025-04-10 17:23:30,23.05,42.29,BuildingA_Floor2,TypeB
1013,2025-04-08 07:52:39,26.6,72.08,BuildingA_Floor2,TypeB
1053,2025-04-09 17:37:08,28.0,44.6,BuildingB_Floor2,TypeB
1077,2025-04-09 10:36:57,30.49,58.82,BuildingA_Floor1,TypeB
1018,2025-04-07 22:03:39,34.76,79.89,BuildingB_Floor1,TypeC
1089,2025-04-09 10:04:01,29.24,46.28,BuildingA_Floor1,TypeC
1086,2025-04-10 15:50:34,27.18,35.53,BuildingA_Floor2,TypeC
1028,2025-04-09 19:24:44,24.57,38.66,BuildingB_Floor1,TypeB
1011,2025-04-09 03:11:29,30.72,39.01,BuildingB_Floor1,TypeA
1074,2025-04-09 09:59:51,22.48,63.93,BuildingA_Floor1,TypeB
1066,2025-04-08 15:07:28,27.01,34.53,BuildingA_Floor2,TypeC
1044,2025-04-11 19:13:40,23.94,40.15,BuildingB_Floor2,TypeB
1083,2025-04-07 12:12:40,15.15,48.54,BuildingB_Floor1,TypeB
1059,2025-04-07 15:58:02,22.21,43.86,BuildingA_Floor2,TypeB
1029,2025-04-08 22:09:12,27.76,67.62,BuildingA_Floor1,TypeC
1014,2025-04-07 20:17:51,28.03,30.53,BuildingA_Floor2,TypeA
1073,2025-04-08 11:51:52,27.02,74.41,BuildingA_Floor1,TypeA
1011,2025-04-10 22:11:09,21.44,61.76,BuildingA_Floor1,TypeC
1025,2025-04-07 05:17:10,19.24,77.08,BuildingA_Floor1,TypeC
1016,2025-04-11 11:54:16,17.08,36.65,BuildingA_Floor1,TypeC
1056,2025-04-10 10:57:55,26.74,48.01,BuildingB_Floor1,TypeC
1067,2025-04-08 06:17:16,21.66,69.32,BuildingA_Floor1,TypeA
1028,2025-04-09 02:09:54,25.25,54.06,BuildingB_Floor2,TypeA
1100,2025-04-11 02:55:02,26.68,45.87,BuildingB_Floor2,TypeA
1097,2025-04-11 23:05:27,34.24,42.81,BuildingA_Floor1,TypeB
1026,2025-04-07 07:58:13,17.96,66.74,BuildingA_Floor2,TypeA
1008,2025-04-08 04:35:31,30.87,51.47,BuildingB_Floor1,TypeB
1072,2025-04-09 16:25:29,28.31,72.79,BuildingA_Floor2,TypeC
1011,2025-04-09 10:25:53,24.48,64.9,BuildingA_Floor2,TypeA
1036,2025-04-11 18:53:49,27.12,53.93,BuildingB_Floor1,TypeA
1062,2025-04-08 00:13:12,33.78,74.2,BuildingB_Floor1,TypeC
1027,2025-04-09 04:19:28,19.54,50.97,BuildingA_Floor1,TypeB
1041,2025-04-09 09:55:50,22.91,51.04,BuildingA_Floor1,TypeC
1060,2025-04-11 08:43:22,30.31,44.17,BuildingA_Floor1,TypeA
1004,2025-04-09 12:45:44,17.59,79.55,BuildingB_Floor1,TypeC
1059,2025-04-08 10:00:50,27.41,32.25,BuildingB_Floor1,TypeA
1080,2025-04-08 16:44:12,34.68,37.51,BuildingA_Floor2,TypeA
